{"cameraMode":{"drawMode":0,"name":"Shaded","section":"Shading Mode"},"sceneLighting":false,"audioPlay":false,"sceneViewState":{"showFog":true,"showMaterialUpdate":false,"showSkybox":false,"showFlares":true,"showImageEffects":true,"showParticleSystems":true},"in2DMode":false,"pivot":{"x":-0.012683629989624024,"y":1.9629002809524537,"z":0.012748003005981446},"rotation":{"x":0.01617148146033287,"y":0.948595404624939,"z":-0.048673585057258609,"w":0.31246674060821535},"size":2.12971568107605,"orthographic":false}