{"cameraMode":{"drawMode":0,"name":"Shaded","section":"Shading Mode"},"sceneLighting":false,"audioPlay":false,"sceneViewState":{"showFog":true,"showMaterialUpdate":false,"showSkybox":false,"showFlares":true,"showImageEffects":true,"showParticleSystems":true},"in2DMode":false,"pivot":{"x":-0.0002079010009765625,"y":1.201596736907959,"z":-0.10570311546325684},"rotation":{"x":0.01617148146033287,"y":0.948595404624939,"z":-0.048673585057258609,"w":0.31246674060821535},"size":1.6844300031661988,"orthographic":false}