{"cameraMode":{"drawMode":0,"name":"Shaded","section":"Shading Mode"},"sceneLighting":false,"audioPlay":false,"sceneViewState":{"showFog":true,"showMaterialUpdate":false,"showSkybox":false,"showFlares":true,"showImageEffects":true,"showParticleSystems":true},"in2DMode":false,"pivot":{"x":-0.00020825862884521484,"y":1.201596736907959,"z":-0.1057031899690628},"rotation":{"x":0.04730360954999924,"y":0.6203507781028748,"z":-0.03735744580626488,"w":0.7820690274238586},"size":1.6844303607940674,"orthographic":false}