{"cameraMode":{"drawMode":0,"name":"Shaded","section":"Shading Mode"},"sceneLighting":true,"audioPlay":false,"sceneViewState":{"showFog":true,"showMaterialUpdate":false,"showSkybox":true,"showFlares":true,"showImageEffects":true,"showParticleSystems":true},"in2DMode":false,"pivot":{"x":54.29047393798828,"y":-6.324233531951904,"z":5.364936351776123},"rotation":{"x":0.0805419459939003,"y":0.6399936079978943,"z":-0.06755197048187256,"w":0.761221170425415},"size":37.15721130371094,"orthographic":false}