{"cameraMode":{"drawMode":0,"name":"Shaded","section":"Shading Mode"},"sceneLighting":false,"audioPlay":false,"sceneViewState":{"showFog":true,"showMaterialUpdate":false,"showSkybox":false,"showFlares":true,"showImageEffects":true,"showParticleSystems":true},"in2DMode":false,"pivot":{"x":-0.1642366498708725,"y":1.8376531600952149,"z":0.726768434047699},"rotation":{"x":0.024342665448784829,"y":0.9740315675735474,"z":-0.18540793657302857,"w":0.12781688570976258},"size":0.8660253882408142,"orthographic":false}