{"cameraMode":{"drawMode":0,"name":"Shaded","section":"Shading Mode"},"sceneLighting":false,"audioPlay":false,"sceneViewState":{"showFog":true,"showMaterialUpdate":false,"showSkybox":false,"showFlares":true,"showImageEffects":true,"showParticleSystems":true},"in2DMode":false,"pivot":{"x":0.011086344718933106,"y":0.031148143112659456,"z":0.0033884644508361818},"rotation":{"x":0.0805419459939003,"y":0.6399936079978943,"z":-0.06755197048187256,"w":0.761221170425415},"size":0.30822694301605227,"orthographic":false}