{"cameraMode":{"drawMode":0,"name":"Shaded","section":"Shading Mode"},"sceneLighting":false,"audioPlay":false,"sceneViewState":{"showFog":true,"showMaterialUpdate":false,"showSkybox":false,"showFlares":true,"showImageEffects":true,"showParticleSystems":true},"in2DMode":false,"pivot":{"x":9.5367431640625e-7,"y":0.9060102701187134,"z":-0.0515124648809433},"rotation":{"x":0.011465615592896939,"y":0.9567755460739136,"z":-0.03759199008345604,"w":0.28833746910095217},"size":1.476422667503357,"orthographic":false}