{"cameraMode":{"drawMode":0,"name":"Shaded","section":"Shading Mode"},"sceneLighting":false,"audioPlay":false,"sceneViewState":{"showFog":true,"showMaterialUpdate":false,"showSkybox":false,"showFlares":true,"showImageEffects":true,"showParticleSystems":true},"in2DMode":false,"pivot":{"x":0.000039458274841308594,"y":1.2040953636169434,"z":-0.07956172525882721},"rotation":{"x":0.01617148146033287,"y":0.948595404624939,"z":-0.048673585057258609,"w":0.31246674060821535},"size":1.6853481531143189,"orthographic":false}