{"cameraMode":{"drawMode":0,"name":"Shaded","section":"Shading Mode"},"sceneLighting":false,"audioPlay":false,"sceneViewState":{"showFog":true,"showMaterialUpdate":false,"showSkybox":false,"showFlares":true,"showImageEffects":true,"showParticleSystems":true},"in2DMode":false,"pivot":{"x":0.0,"y":0.1491861641407013,"z":-1.4901161193847657e-8},"rotation":{"x":0.01617148146033287,"y":0.948595404624939,"z":-0.048673585057258609,"w":0.31246674060821535},"size":0.19155170023441316,"orthographic":false}