{"cameraMode":{"drawMode":0,"name":"Shaded","section":"Shading Mode"},"sceneLighting":false,"audioPlay":false,"sceneViewState":{"showFog":true,"showMaterialUpdate":false,"showSkybox":false,"showFlares":true,"showImageEffects":true,"showParticleSystems":true},"in2DMode":false,"pivot":{"x":0.008575260639190674,"y":1.2071565389633179,"z":-0.7179873585700989},"rotation":{"x":0.0805419459939003,"y":0.6399936079978943,"z":-0.06755197048187256,"w":0.761221170425415},"size":1.6929621696472169,"orthographic":false}