{"cameraMode":{"drawMode":0,"name":"Shaded","section":"Shading Mode"},"sceneLighting":false,"audioPlay":false,"sceneViewState":{"showFog":true,"showMaterialUpdate":false,"showSkybox":false,"showFlares":true,"showImageEffects":true,"showParticleSystems":true},"in2DMode":false,"pivot":{"x":-5.960464477539063e-8,"y":0.9686026573181152,"z":-0.2142077088356018},"rotation":{"x":0.011465615592896939,"y":0.9567755460739136,"z":-0.03759199008345604,"w":0.28833746910095217},"size":1.5606857538223267,"orthographic":false}