{"cameraMode":{"drawMode":0,"name":"Shaded","section":"Shading Mode"},"sceneLighting":false,"audioPlay":false,"sceneViewState":{"showFog":true,"showMaterialUpdate":false,"showSkybox":false,"showFlares":true,"showImageEffects":true,"showParticleSystems":true},"in2DMode":false,"pivot":{"x":-1.2166502475738526,"y":1.2504281997680665,"z":0.06142339110374451},"rotation":{"x":0.01617148146033287,"y":0.948595404624939,"z":-0.048673585057258609,"w":0.31246674060821535},"size":1.93181312084198,"orthographic":false}