{"cameraMode":{"drawMode":0,"name":"Shaded","section":"Shading Mode"},"sceneLighting":false,"audioPlay":false,"sceneViewState":{"showFog":true,"showMaterialUpdate":false,"showSkybox":false,"showFlares":true,"showImageEffects":true,"showParticleSystems":true},"in2DMode":false,"pivot":{"x":-4.270956516265869,"y":-0.23578940331935883,"z":8.31270980834961},"rotation":{"x":-0.01750020682811737,"y":0.9798676371574402,"z":-0.1725539118051529,"w":-0.09946334362030029},"size":2.5902602672576906,"orthographic":false}