{"cameraMode":{"drawMode":0,"name":"Shaded","section":"Shading Mode"},"sceneLighting":false,"audioPlay":false,"sceneViewState":{"showFog":true,"showMaterialUpdate":false,"showSkybox":false,"showFlares":true,"showImageEffects":true,"showParticleSystems":true},"in2DMode":false,"pivot":{"x":0.0012443065643310547,"y":0.864382266998291,"z":-0.0501287579536438},"rotation":{"x":0.011465615592896939,"y":0.9567755460739136,"z":-0.03759199008345604,"w":0.28833746910095217},"size":1.4442819356918336,"orthographic":false}