{"cameraMode":{"drawMode":0,"name":"Shaded","section":"Shading Mode"},"sceneLighting":false,"audioPlay":false,"sceneViewState":{"showFog":true,"showMaterialUpdate":false,"showSkybox":false,"showFlares":true,"showImageEffects":true,"showParticleSystems":true},"in2DMode":false,"pivot":{"x":-5.960464477539063e-8,"y":0.9144888520240784,"z":-0.05146554112434387},"rotation":{"x":0.011465615592896939,"y":0.9567755460739136,"z":-0.03759199008345604,"w":0.28833746910095217},"size":1.490891695022583,"orthographic":false}