{"cameraMode":{"drawMode":0,"name":"Shaded","section":"Shading Mode"},"sceneLighting":false,"audioPlay":false,"sceneViewState":{"showFog":true,"showMaterialUpdate":false,"showSkybox":false,"showFlares":true,"showImageEffects":true,"showParticleSystems":true},"in2DMode":false,"pivot":{"x":-1.7881393432617188e-7,"y":0.862277626991272,"z":-0.06221975386142731},"rotation":{"x":0.011465615592896939,"y":0.9567755460739136,"z":-0.03759199008345604,"w":0.28833746910095217},"size":1.4511595964431763,"orthographic":false}