{"cameraMode":{"drawMode":0,"name":"Shaded","section":"Shading Mode"},"sceneLighting":false,"audioPlay":false,"sceneViewState":{"showFog":true,"showMaterialUpdate":false,"showSkybox":false,"showFlares":true,"showImageEffects":true,"showParticleSystems":true},"in2DMode":false,"pivot":{"x":1.1920928955078126e-7,"y":0.8340728282928467,"z":-0.04541832208633423},"rotation":{"x":0.1028929278254509,"y":0.6685462594032288,"z":-0.09399284422397614,"w":0.730563759803772},"size":1.3941936492919922,"orthographic":false}