{"cameraMode":{"drawMode":0,"name":"Shaded","section":"Shading Mode"},"sceneLighting":false,"audioPlay":false,"sceneViewState":{"showFog":true,"showMaterialUpdate":false,"showSkybox":false,"showFlares":true,"showImageEffects":true,"showParticleSystems":true},"in2DMode":false,"pivot":{"x":-0.20670580863952638,"y":-0.1852930784225464,"z":-0.6205387115478516},"rotation":{"x":0.14723870158195496,"y":0.7227504849433899,"z":-0.1621577888727188,"w":0.655558705329895},"size":2.3936429023742677,"orthographic":false}