{"cameraMode":{"drawMode":0,"name":"Shaded","section":"Shading Mode"},"sceneLighting":false,"audioPlay":false,"sceneViewState":{"showFog":true,"showMaterialUpdate":false,"showSkybox":false,"showFlares":true,"showImageEffects":true,"showParticleSystems":true},"in2DMode":false,"pivot":{"x":0.000050187110900878906,"y":1.2004424333572388,"z":-0.10043258965015412},"rotation":{"x":0.04730360954999924,"y":0.6203507781028748,"z":-0.03735744580626488,"w":0.7820690274238586},"size":1.6835757493972779,"orthographic":false}